CREATE DATABASE  IF NOT EXISTS `hospitaldb` /*!40100 DEFAULT CHARACTER SET utf8mb3 */ /*!80016 DEFAULT ENCRYPTION='N' */;
USE `hospitaldb`;
-- MySQL dump 10.13  Distrib 8.0.38, for Win64 (x86_64)
--
-- Host: localhost    Database: hospitaldb
-- ------------------------------------------------------
-- Server version	8.0.39

/*!40101 SET @OLD_CHARACTER_SET_CLIENT=@@CHARACTER_SET_CLIENT */;
/*!40101 SET @OLD_CHARACTER_SET_RESULTS=@@CHARACTER_SET_RESULTS */;
/*!40101 SET @OLD_COLLATION_CONNECTION=@@COLLATION_CONNECTION */;
/*!50503 SET NAMES utf8 */;
/*!40103 SET @OLD_TIME_ZONE=@@TIME_ZONE */;
/*!40103 SET TIME_ZONE='+00:00' */;
/*!40014 SET @OLD_UNIQUE_CHECKS=@@UNIQUE_CHECKS, UNIQUE_CHECKS=0 */;
/*!40014 SET @OLD_FOREIGN_KEY_CHECKS=@@FOREIGN_KEY_CHECKS, FOREIGN_KEY_CHECKS=0 */;
/*!40101 SET @OLD_SQL_MODE=@@SQL_MODE, SQL_MODE='NO_AUTO_VALUE_ON_ZERO' */;
/*!40111 SET @OLD_SQL_NOTES=@@SQL_NOTES, SQL_NOTES=0 */;

--
-- Table structure for table `appointments`
--

DROP TABLE IF EXISTS `appointments`;
/*!40101 SET @saved_cs_client     = @@character_set_client */;
/*!50503 SET character_set_client = utf8mb4 */;
CREATE TABLE `appointments` (
  `appointment_id` int NOT NULL,
  `booking_id` int DEFAULT NULL,
  `doctor_id` int DEFAULT NULL,
  `patient_id` int DEFAULT NULL,
  `appointment_date` timestamp NULL DEFAULT NULL,
  `start_time` time DEFAULT NULL,
  `end_time` time DEFAULT NULL,
  `status` tinyint(1) DEFAULT '1',
  PRIMARY KEY (`appointment_id`),
  KEY `booking_fk_idx` (`booking_id`),
  KEY `doctor_id_idx` (`doctor_id`),
  KEY `patient_id_idx` (`patient_id`),
  CONSTRAINT `booking_fk` FOREIGN KEY (`booking_id`) REFERENCES `bookings` (`booking_id`),
  CONSTRAINT `doctor_id` FOREIGN KEY (`doctor_id`) REFERENCES `doctors` (`doctors_id`),
  CONSTRAINT `patient_id` FOREIGN KEY (`patient_id`) REFERENCES `patients` (`patient_id`)
) ENGINE=InnoDB DEFAULT CHARSET=utf8mb3;
/*!40101 SET character_set_client = @saved_cs_client */;

--
-- Dumping data for table `appointments`
--

LOCK TABLES `appointments` WRITE;
/*!40000 ALTER TABLE `appointments` DISABLE KEYS */;
INSERT INTO `appointments` VALUES (404001,707001,303001,505034,'2023-11-10 16:00:00','17:20:00','18:53:00',0),(404002,707002,303015,505078,'2025-03-12 16:00:00','10:00:00','10:43:00',0),(404003,707003,303008,505012,'2024-04-07 16:00:00','19:40:00','21:31:00',0),(404004,707004,303022,505045,'2025-12-23 16:00:00','08:00:00','08:52:00',0),(404005,707005,303011,505089,'2025-05-09 16:00:00','15:00:00','15:58:00',0),(404006,707006,303007,505023,'2024-11-21 16:00:00','16:00:00','17:23:00',0),(404007,707007,303019,505067,'2023-11-03 16:00:00','12:40:00','13:07:00',1),(404008,707008,303004,505091,'2023-10-04 16:00:00','16:20:00','17:37:00',1),(404009,707009,303026,505015,'2026-12-01 16:00:00','08:00:00','10:00:00',0),(404010,707010,303013,505056,'2025-02-05 16:00:00','17:00:00','18:44:00',0),(404011,707011,303002,505078,'2025-09-19 16:00:00','13:00:00','14:10:00',0),(404012,707012,303016,505034,'2023-12-29 16:00:00','19:40:00','20:13:00',0),(404013,707013,303009,505012,'2025-12-18 16:00:00','15:00:00','16:26:00',0),(404014,707014,303024,505090,'2023-01-22 16:00:00','17:00:00','18:39:00',1),(404015,707015,303018,505045,'2024-04-08 16:00:00','12:40:00','13:45:00',0),(404016,707016,303005,505023,'2026-03-27 16:00:00','08:00:00','08:48:00',0),(404017,707017,303021,505067,'2026-10-03 16:00:00','17:40:00','18:03:00',0),(404018,707018,303014,505091,'2023-12-02 16:00:00','19:40:00','20:13:00',0),(404019,707019,303027,505015,'2023-04-09 16:00:00','16:40:00','17:59:00',1),(404020,707020,303003,505056,'2023-02-10 16:00:00','11:40:00','13:35:00',1),(404021,707021,303017,505078,'2026-01-24 16:00:00','18:00:00','19:14:00',0),(404022,707022,303010,505034,'2024-11-30 16:00:00','15:00:00','15:57:00',0),(404023,707023,303025,505012,'2025-04-08 16:00:00','08:20:00','09:44:00',0),(404024,707024,303019,505090,'2023-01-11 16:00:00','14:20:00','14:52:00',1),(404025,707025,303006,505045,'2025-08-26 16:00:00','13:20:00','13:58:00',0),(404026,707026,303022,505023,'2026-03-28 16:00:00','16:20:00','16:51:00',0),(404027,707027,303015,505067,'2023-06-06 16:00:00','09:00:00','10:04:00',1),(404028,707028,303028,505091,'2023-03-06 16:00:00','17:00:00','18:48:00',1),(404029,707029,303012,505015,'2025-12-31 16:00:00','08:20:00','10:11:00',0),(404030,707030,303001,505056,'2024-04-29 16:00:00','18:20:00','19:32:00',0),(404031,707031,303016,505078,'2024-08-16 16:00:00','14:00:00','15:13:00',0),(404032,707032,303023,505034,'2025-10-04 16:00:00','12:40:00','13:29:00',0),(404033,707033,303008,505012,'2026-10-20 16:00:00','09:00:00','10:19:00',0),(404034,707034,303020,505090,'2024-02-12 16:00:00','14:20:00','16:18:00',0),(404035,707035,303007,505045,'2024-12-01 16:00:00','14:20:00','15:17:00',0),(404036,707036,303024,505023,'2023-07-18 16:00:00','10:00:00','11:27:00',1),(404037,707037,303013,505067,'2024-06-21 16:00:00','18:00:00','18:47:00',0),(404038,707038,303029,505091,'2026-03-08 16:00:00','10:00:00','11:51:00',0),(404039,707039,303004,505015,'2026-10-31 16:00:00','15:00:00','15:42:00',0),(404040,707040,303017,505056,'2023-01-12 16:00:00','18:40:00','20:28:00',1),(404041,707041,303002,505078,'2026-09-05 16:00:00','15:40:00','17:27:00',0),(404042,707042,303021,505034,'2023-05-30 16:00:00','13:40:00','14:10:00',1),(404043,707043,303009,505012,'2026-06-17 16:00:00','14:40:00','15:49:00',0),(404044,707044,303025,505090,'2023-07-14 16:00:00','18:20:00','19:14:00',1),(404045,707045,303014,505045,'2025-08-28 16:00:00','15:00:00','16:49:00',0),(404046,707046,303030,505023,'2023-07-18 16:00:00','18:00:00','19:13:00',1),(404047,707047,303005,505067,'2024-01-19 16:00:00','12:40:00','14:22:00',0),(404048,707048,303018,505091,'2025-08-25 16:00:00','13:40:00','14:53:00',0),(404049,707049,303003,505015,'2024-03-26 16:00:00','16:40:00','17:17:00',0),(404050,707050,303022,505056,'2023-03-11 16:00:00','18:20:00','19:26:00',1),(404051,707051,303011,505078,'2025-12-23 16:00:00','13:20:00','14:43:00',0),(404052,707052,303026,505034,'2025-06-02 16:00:00','15:20:00','15:45:00',0),(404053,707053,303010,505012,'2024-07-14 16:00:00','14:20:00','16:03:00',0),(404054,707054,303027,505090,'2023-01-13 16:00:00','11:00:00','12:01:00',1),(404055,707055,303015,505045,'2023-10-02 16:00:00','08:00:00','09:23:00',1),(404056,707056,303001,505023,'2026-12-08 16:00:00','19:40:00','20:40:00',0),(404057,707057,303019,505067,'2023-01-06 16:00:00','13:40:00','14:01:00',1),(404058,707058,303006,505091,'2025-10-24 16:00:00','11:40:00','12:51:00',0),(404059,707059,303023,505015,'2023-02-06 16:00:00','17:40:00','18:52:00',1),(404060,707060,303012,505056,'2026-10-04 16:00:00','17:40:00','19:14:00',0),(404061,707061,303028,505078,'2024-02-10 16:00:00','15:00:00','15:26:00',0),(404062,707062,303004,505034,'2023-07-10 16:00:00','09:00:00','09:35:00',1),(404063,707063,303020,505012,'2023-06-25 16:00:00','09:40:00','10:10:00',1),(404064,707064,303008,505090,'2026-01-10 16:00:00','14:40:00','15:30:00',0),(404065,707065,303024,505045,'2023-04-15 16:00:00','08:40:00','09:04:00',1),(404066,707066,303013,505023,'2026-04-16 16:00:00','08:40:00','09:51:00',0),(404067,707067,303029,505067,'2026-05-15 16:00:00','16:40:00','18:01:00',0),(404068,707068,303005,505091,'2024-12-11 16:00:00','08:40:00','09:05:00',0),(404069,707069,303021,505015,'2024-10-23 16:00:00','09:00:00','09:33:00',0),(404070,707070,303014,505056,'2023-02-26 16:00:00','09:20:00','10:58:00',1),(404071,707071,303002,505078,'2023-12-11 16:00:00','08:00:00','08:49:00',0),(404072,707072,303017,505034,'2023-01-12 16:00:00','10:00:00','11:28:00',1),(404073,707073,303009,505012,'2024-10-18 16:00:00','10:00:00','11:35:00',0),(404074,707074,303025,505090,'2024-05-30 16:00:00','18:40:00','19:57:00',0),(404075,707075,303015,505045,'2026-03-08 16:00:00','19:00:00','19:52:00',0),(404076,707076,303030,505023,'2025-02-16 16:00:00','12:40:00','13:52:00',0),(404077,707077,303006,505067,'2025-02-14 16:00:00','14:00:00','15:56:00',0),(404078,707078,303022,505091,'2025-03-26 16:00:00','14:20:00','16:20:00',0),(404079,707079,303011,505015,'2025-01-14 16:00:00','14:00:00','15:05:00',0),(404080,707080,303027,505056,'2024-06-08 16:00:00','08:40:00','09:58:00',0),(404081,707081,303003,505078,'2026-09-27 16:00:00','09:20:00','10:58:00',0),(404082,707082,303018,505034,'2026-03-09 16:00:00','17:00:00','17:57:00',0),(404083,707083,303010,505012,'2026-01-16 16:00:00','08:20:00','09:38:00',0),(404084,707084,303026,505090,'2025-06-19 16:00:00','18:00:00','19:17:00',0),(404085,707085,303013,505045,'2026-04-29 16:00:00','09:20:00','10:22:00',0),(404086,707086,303029,505023,'2024-06-12 16:00:00','10:20:00','12:00:00',0),(404087,707087,303007,505067,'2023-04-11 16:00:00','13:00:00','14:26:00',1),(404088,707088,303023,505091,'2024-03-15 16:00:00','09:00:00','10:23:00',0),(404089,707089,303012,505015,'2023-02-24 16:00:00','09:20:00','10:12:00',1),(404090,707090,303028,505056,'2024-12-23 16:00:00','10:00:00','10:39:00',0),(404091,707091,303004,505078,'2024-10-19 16:00:00','16:40:00','18:03:00',0),(404092,707092,303019,505034,'2026-08-04 16:00:00','08:40:00','09:41:00',0),(404093,707093,303008,505012,'2026-03-26 16:00:00','17:20:00','19:03:00',0),(404094,707094,303024,505090,'2026-03-25 16:00:00','18:00:00','19:07:00',0),(404095,707095,303016,505045,'2026-07-20 16:00:00','14:40:00','15:25:00',0),(404096,707096,303005,505023,'2026-08-20 16:00:00','18:20:00','19:43:00',0),(404097,707097,303021,505067,'2023-08-23 16:00:00','15:20:00','16:26:00',1),(404098,707098,303011,505091,'2025-09-11 16:00:00','14:20:00','14:41:00',0),(404099,707099,303028,505015,'2024-04-11 16:00:00','15:40:00','16:31:00',0),(404100,707100,303009,505056,'2023-09-08 16:00:00','18:40:00','19:32:00',1);
/*!40000 ALTER TABLE `appointments` ENABLE KEYS */;
UNLOCK TABLES;

--
-- Table structure for table `bookings`
--

DROP TABLE IF EXISTS `bookings`;
/*!40101 SET @saved_cs_client     = @@character_set_client */;
/*!50503 SET character_set_client = utf8mb4 */;
CREATE TABLE `bookings` (
  `booking_id` int NOT NULL,
  `room_id` int DEFAULT NULL,
  `start_time` timestamp NULL DEFAULT NULL,
  `end_time` timestamp NULL DEFAULT NULL,
  PRIMARY KEY (`booking_id`),
  KEY `room_fk_idx` (`room_id`),
  CONSTRAINT `room_fk` FOREIGN KEY (`room_id`) REFERENCES `rooms` (`room_id`)
) ENGINE=InnoDB DEFAULT CHARSET=utf8mb3;
/*!40101 SET character_set_client = @saved_cs_client */;

--
-- Dumping data for table `bookings`
--

LOCK TABLES `bookings` WRITE;
/*!40000 ALTER TABLE `bookings` DISABLE KEYS */;
INSERT INTO `bookings` VALUES (707001,909001,'2025-03-26 03:45:12','2025-03-26 05:10:12'),(707002,909002,'2026-07-21 14:10:19','2026-07-21 15:21:19'),(707003,909003,'2026-02-20 19:26:42','2026-02-20 20:41:42'),(707004,909004,'2026-07-15 04:20:39','2026-07-15 05:32:39'),(707005,909005,'2025-03-07 16:01:02','2025-03-07 16:57:02'),(707006,909006,'2025-06-06 11:53:16','2025-06-06 12:34:16'),(707007,909007,'2026-11-14 14:03:04','2026-11-14 15:40:04'),(707008,909008,'2025-07-06 00:41:15','2025-07-06 01:14:15'),(707009,909009,'2025-05-05 20:21:13','2025-05-05 21:13:13'),(707010,909010,'2023-05-25 23:09:49','2023-05-25 23:54:49'),(707011,909011,'2023-01-15 13:32:04','2023-01-15 14:37:04'),(707012,909012,'2025-05-14 03:20:15','2025-05-14 05:12:15'),(707013,909013,'2025-07-02 03:15:35','2025-07-02 05:01:35'),(707014,909014,'2023-02-22 20:02:04','2023-02-22 21:02:04'),(707015,909015,'2024-11-27 21:33:15','2024-11-27 23:33:15'),(707016,909016,'2025-09-02 15:29:31','2025-09-02 16:09:31'),(707017,909017,'2024-08-09 15:30:46','2024-08-09 16:09:46'),(707018,909018,'2024-12-29 05:44:14','2024-12-29 06:59:14'),(707019,909019,'2023-04-11 02:58:08','2023-04-11 03:28:08'),(707020,909020,'2026-01-11 18:20:53','2026-01-11 19:05:53'),(707021,909021,'2024-02-13 01:55:53','2024-02-13 02:33:53'),(707022,909022,'2024-09-01 09:23:18','2024-09-01 09:45:18'),(707023,909023,'2025-03-22 16:35:30','2025-03-22 17:43:30'),(707024,909024,'2025-12-09 18:00:56','2025-12-09 19:05:56'),(707025,909025,'2023-06-03 13:54:33','2023-06-03 15:20:33'),(707026,909026,'2026-04-23 23:33:44','2026-04-24 00:34:44'),(707027,909027,'2024-09-16 15:04:45','2024-09-16 16:03:45'),(707028,909028,'2023-11-29 10:47:08','2023-11-29 11:57:08'),(707029,909029,'2024-10-06 05:42:28','2024-10-06 07:21:28'),(707030,909030,'2025-03-01 03:43:45','2025-03-01 04:54:45'),(707031,909001,'2023-08-16 14:27:40','2023-08-16 14:48:40'),(707032,909002,'2024-01-09 10:04:41','2024-01-09 10:46:41'),(707033,909003,'2025-09-29 16:22:38','2025-09-29 17:12:38'),(707034,909004,'2023-07-28 14:52:33','2023-07-28 16:37:33'),(707035,909005,'2025-09-08 11:41:08','2025-09-08 13:24:08'),(707036,909006,'2026-07-28 01:10:25','2026-07-28 02:28:25'),(707037,909007,'2025-04-15 03:14:41','2025-04-15 04:05:41'),(707038,909008,'2026-04-20 19:52:21','2026-04-20 21:05:21'),(707039,909009,'2025-07-04 07:35:41','2025-07-04 08:27:41'),(707040,909010,'2026-01-02 09:09:33','2026-01-02 09:39:33'),(707041,909011,'2023-11-29 08:07:07','2023-11-29 09:25:07'),(707042,909012,'2025-04-28 14:28:48','2025-04-28 15:16:48'),(707043,909013,'2024-02-02 08:25:15','2024-02-02 09:20:15'),(707044,909014,'2024-07-23 22:09:24','2024-07-23 23:42:24'),(707045,909015,'2025-12-08 12:23:11','2025-12-08 13:57:11'),(707046,909016,'2025-05-13 03:52:09','2025-05-13 04:30:09'),(707047,909017,'2025-02-05 04:53:19','2025-02-05 06:41:19'),(707048,909018,'2026-05-24 19:40:29','2026-05-24 21:17:29'),(707049,909019,'2024-04-16 11:56:28','2024-04-16 12:35:28'),(707050,909020,'2023-10-13 20:25:48','2023-10-13 21:05:48'),(707051,909021,'2024-12-14 06:24:40','2024-12-14 06:47:40'),(707052,909022,'2026-03-14 20:09:51','2026-03-14 20:57:51'),(707053,909023,'2025-02-08 13:15:25','2025-02-08 13:41:25'),(707054,909024,'2026-12-09 19:00:03','2026-12-09 20:02:03'),(707055,909025,'2024-08-19 17:09:29','2024-08-19 18:59:29'),(707056,909026,'2025-01-06 00:02:13','2025-01-06 00:25:13'),(707057,909027,'2023-08-30 10:28:30','2023-08-30 11:44:30'),(707058,909028,'2026-09-24 07:06:51','2026-09-24 07:47:51'),(707059,909029,'2024-09-14 04:16:50','2024-09-14 05:41:50'),(707060,909030,'2025-01-20 18:23:36','2025-01-20 20:10:36'),(707061,909001,'2023-12-18 20:35:18','2023-12-18 22:30:18'),(707062,909002,'2023-08-11 23:49:04','2023-08-12 00:18:04'),(707063,909003,'2026-02-23 08:24:12','2026-02-23 09:32:12'),(707064,909004,'2025-12-03 18:01:33','2025-12-03 19:23:33'),(707065,909005,'2024-02-15 12:27:29','2024-02-15 14:04:29'),(707066,909006,'2024-04-21 23:45:42','2024-04-22 01:31:42'),(707067,909007,'2025-06-17 01:15:20','2025-06-17 02:04:20'),(707068,909008,'2025-07-03 06:17:08','2025-07-03 06:52:08'),(707069,909009,'2024-09-26 18:19:07','2024-09-26 18:50:07'),(707070,909010,'2025-09-01 12:32:33','2025-09-01 13:07:33'),(707071,909011,'2023-02-09 02:30:13','2023-02-09 04:23:13'),(707072,909012,'2026-09-21 18:36:53','2026-09-21 20:12:53'),(707073,909013,'2025-04-16 03:02:30','2025-04-16 03:52:30'),(707074,909014,'2025-07-24 05:26:00','2025-07-24 06:56:00'),(707075,909015,'2026-06-25 14:43:45','2026-06-25 15:39:45'),(707076,909016,'2024-01-03 13:16:22','2024-01-03 14:51:22'),(707077,909017,'2026-01-08 16:46:28','2026-01-08 17:13:28'),(707078,909018,'2023-01-29 07:44:29','2023-01-29 08:14:29'),(707079,909019,'2026-05-11 04:31:44','2026-05-11 05:04:44'),(707080,909020,'2023-06-14 12:25:39','2023-06-14 14:14:39'),(707081,909021,'2024-12-23 15:32:35','2024-12-23 16:00:35'),(707082,909022,'2026-01-13 12:43:46','2026-01-13 14:32:46'),(707083,909023,'2025-11-28 20:18:16','2025-11-28 21:28:16'),(707084,909024,'2024-05-14 14:44:33','2024-05-14 15:52:33'),(707085,909025,'2026-04-19 15:22:25','2026-04-19 15:58:25'),(707086,909026,'2025-07-20 02:04:53','2025-07-20 03:52:53'),(707087,909027,'2023-06-06 09:34:43','2023-06-06 11:21:43'),(707088,909028,'2025-08-11 19:51:24','2025-08-11 20:28:24'),(707089,909029,'2025-04-09 11:26:48','2025-04-09 12:26:48'),(707090,909030,'2026-01-28 13:06:30','2026-01-28 14:02:30'),(707091,909001,'2023-09-04 16:37:06','2023-09-04 17:44:06'),(707092,909002,'2024-05-15 09:42:57','2024-05-15 10:56:57'),(707093,909003,'2024-01-06 19:04:21','2024-01-06 20:33:21'),(707094,909004,'2026-10-05 02:16:20','2026-10-05 04:00:20'),(707095,909005,'2023-08-09 22:46:34','2023-08-09 23:47:34'),(707096,909006,'2025-11-20 18:27:06','2025-11-20 19:53:06'),(707097,909007,'2024-11-04 20:28:24','2024-11-04 22:15:24'),(707098,909008,'2023-12-13 16:36:14','2023-12-13 18:27:14'),(707099,909009,'2026-10-30 07:15:16','2026-10-30 08:38:16'),(707100,909010,'2023-05-12 02:09:07','2023-05-12 03:18:07');
/*!40000 ALTER TABLE `bookings` ENABLE KEYS */;
UNLOCK TABLES;

--
-- Table structure for table `departments`
--

DROP TABLE IF EXISTS `departments`;
/*!40101 SET @saved_cs_client     = @@character_set_client */;
/*!50503 SET character_set_client = utf8mb4 */;
CREATE TABLE `departments` (
  `department_id` int NOT NULL,
  `department_name` varchar(45) DEFAULT NULL,
  PRIMARY KEY (`department_id`)
) ENGINE=InnoDB DEFAULT CHARSET=utf8mb3;
/*!40101 SET character_set_client = @saved_cs_client */;

--
-- Dumping data for table `departments`
--

LOCK TABLES `departments` WRITE;
/*!40000 ALTER TABLE `departments` DISABLE KEYS */;
INSERT INTO `departments` VALUES (101001,'Emergency'),(101002,'Cardiology'),(101003,'Neurology'),(101004,'Orthopedics'),(101005,'Pediatrics'),(101006,'Gynecology'),(101007,'Oncology'),(101008,'Radiology'),(101009,'Dermatology'),(101010,'Psychiatry'),(101011,'Anesthesiology'),(101012,'Endocrinology'),(101013,'Nephrology'),(101014,'Urology'),(101015,'Gastroenterology'),(101016,'Hematology'),(101017,'Pulmonology'),(101018,'Infectious Diseases'),(101019,'Ophthalmology'),(101020,'ENT (Ear, Nose, Throat)');
/*!40000 ALTER TABLE `departments` ENABLE KEYS */;
UNLOCK TABLES;

--
-- Table structure for table `doctors`
--

DROP TABLE IF EXISTS `doctors`;
/*!40101 SET @saved_cs_client     = @@character_set_client */;
/*!50503 SET character_set_client = utf8mb4 */;
CREATE TABLE `doctors` (
  `doctors_id` int NOT NULL,
  `staff_id` int DEFAULT NULL,
  `specialty` varchar(45) DEFAULT NULL,
  PRIMARY KEY (`doctors_id`),
  KEY `staff_fk_idx` (`staff_id`),
  CONSTRAINT `staff_fk` FOREIGN KEY (`staff_id`) REFERENCES `staff` (`staff_id`)
) ENGINE=InnoDB DEFAULT CHARSET=utf8mb3;
/*!40101 SET character_set_client = @saved_cs_client */;

--
-- Dumping data for table `doctors`
--

LOCK TABLES `doctors` WRITE;
/*!40000 ALTER TABLE `doctors` DISABLE KEYS */;
INSERT INTO `doctors` VALUES (303001,202001,'Emergency Medicine'),(303002,202004,'Cardiology'),(303003,202007,'Neurology'),(303004,202010,'Orthopedics'),(303005,202013,'Pediatrics'),(303006,202016,'Gynecology'),(303007,202019,'Oncology'),(303008,202022,'Radiology'),(303009,202025,'Dermatology'),(303010,202028,'Psychiatry'),(303011,202031,'Anesthesiology'),(303012,202034,'Endocrinology'),(303013,202037,'Nephrology'),(303014,202040,'Urology'),(303015,202043,'Gastroenterology'),(303016,202046,'Hematology'),(303017,202049,'Pulmonology'),(303018,202052,'Infectious Diseases'),(303019,202055,'Ophthalmology'),(303020,202058,'ENT'),(303021,202002,'General Practice'),(303022,202005,'Cardiac Surgery'),(303023,202008,'Neurosurgery'),(303024,202011,'Trauma Surgery'),(303025,202014,'Child Psychiatry'),(303026,202017,'Maternal Health'),(303027,202020,'Cancer Research'),(303028,202023,'Interventional Radiology'),(303029,202026,'Cosmetic Dermatology'),(303030,202029,'Behavioral Psychology');
/*!40000 ALTER TABLE `doctors` ENABLE KEYS */;
UNLOCK TABLES;

--
-- Table structure for table `equipment_booking`
--

DROP TABLE IF EXISTS `equipment_booking`;
/*!40101 SET @saved_cs_client     = @@character_set_client */;
/*!50503 SET character_set_client = utf8mb4 */;
CREATE TABLE `equipment_booking` (
  `equipmentBookingID` int NOT NULL,
  `equipmentID` int DEFAULT NULL,
  `booking_id` int DEFAULT NULL,
  PRIMARY KEY (`equipmentBookingID`),
  KEY `fk_bookings_idx` (`booking_id`),
  KEY `fk_equipment_idx` (`equipmentID`),
  CONSTRAINT `fk_bookings` FOREIGN KEY (`booking_id`) REFERENCES `bookings` (`booking_id`),
  CONSTRAINT `fk_equipment` FOREIGN KEY (`equipmentID`) REFERENCES `hospital_equipments` (`equipment_id`)
) ENGINE=InnoDB DEFAULT CHARSET=utf8mb3;
/*!40101 SET character_set_client = @saved_cs_client */;

--
-- Dumping data for table `equipment_booking`
--

LOCK TABLES `equipment_booking` WRITE;
/*!40000 ALTER TABLE `equipment_booking` DISABLE KEYS */;
INSERT INTO `equipment_booking` VALUES (808001,1028,707065),(808002,1024,707065),(808003,1027,707065),(808004,1015,707043),(808005,1021,707043),(808006,1009,707043),(808007,1009,707061),(808008,1013,707061),(808009,1004,707061),(808010,1011,707062),(808011,1003,707062),(808012,1030,707062),(808013,1023,707082),(808014,1017,707082),(808015,1018,707082),(808016,1005,707040),(808017,1015,707040),(808018,1004,707054),(808019,1003,707054),(808020,1010,707051),(808021,1002,707051),(808022,1016,707050),(808023,1020,707050),(808024,1026,707024),(808025,1007,707024),(808026,1021,707057),(808027,1025,707057),(808028,1015,707098),(808029,1014,707098),(808030,1015,707058),(808031,1027,707058),(808032,1028,707087),(808033,1017,707087),(808034,1024,707100),(808035,1025,707100),(808036,1027,707095),(808037,1005,707095),(808038,1030,707074),(808039,1025,707074),(808040,1008,707070),(808041,1026,707070),(808042,1007,707084),(808043,1004,707084),(808044,1016,707072),(808045,1009,707072),(808046,1011,707011),(808047,1002,707011),(808048,1005,707035),(808049,1030,707035),(808050,1009,707016),(808051,1025,707016),(808052,1006,707014),(808053,1027,707014),(808054,1002,707071),(808055,1026,707071),(808056,1002,707085),(808057,1028,707046),(808058,1021,707032),(808059,1009,707007),(808060,1006,707073),(808061,1030,707093),(808062,1025,707055),(808063,1009,707067),(808064,1022,707006),(808065,1007,707083),(808066,1030,707004),(808067,1005,707059),(808068,1021,707076),(808069,1006,707019),(808070,1026,707088),(808071,1016,707010),(808072,1017,707063),(808073,1030,707044),(808074,1005,707094),(808075,1010,707013),(808076,1025,707081),(808077,1023,707042),(808078,1003,707066),(808079,1011,707091),(808080,1013,707002),(808081,1019,707089),(808082,1008,707053),(808083,1018,707022),(808084,1009,707049),(808085,1008,707099),(808086,1018,707031),(808087,1025,707078),(808088,1012,707027),(808089,1005,707005),(808090,1006,707017),(808091,1018,707028),(808092,1015,707064),(808093,1020,707079),(808094,1011,707018),(808095,1005,707047),(808096,1028,707037),(808097,1029,707034),(808098,1026,707069),(808099,1014,707001),(808100,1013,707015);
/*!40000 ALTER TABLE `equipment_booking` ENABLE KEYS */;
UNLOCK TABLES;

--
-- Table structure for table `hospital_equipments`
--

DROP TABLE IF EXISTS `hospital_equipments`;
/*!40101 SET @saved_cs_client     = @@character_set_client */;
/*!50503 SET character_set_client = utf8mb4 */;
CREATE TABLE `hospital_equipments` (
  `equipment_id` int NOT NULL,
  `name` varchar(45) DEFAULT NULL,
  PRIMARY KEY (`equipment_id`)
) ENGINE=InnoDB DEFAULT CHARSET=utf8mb3;
/*!40101 SET character_set_client = @saved_cs_client */;

--
-- Dumping data for table `hospital_equipments`
--

LOCK TABLES `hospital_equipments` WRITE;
/*!40000 ALTER TABLE `hospital_equipments` DISABLE KEYS */;
INSERT INTO `hospital_equipments` VALUES (1001,'Ventilator'),(1002,'Defibrillator'),(1003,'Heart Monitor'),(1004,'X-Ray Machine'),(1005,'MRI Scanner'),(1006,'Ultrasound Machine'),(1007,'Infusion Pump'),(1008,'Anesthesia Machine'),(1009,'ECG Machine'),(1010,'Oxygen Concentrator'),(1011,'Ventilator'),(1012,'Defibrillator'),(1013,'Heart Monitor'),(1014,'X-Ray Machine'),(1015,'MRI Scanner'),(1016,'Ultrasound Machine'),(1017,'Infusion Pump'),(1018,'Anesthesia Machine'),(1019,'ECG Machine'),(1020,'Oxygen Concentrator'),(1021,'Ventilator'),(1022,'Defibrillator'),(1023,'Heart Monitor'),(1024,'X-Ray Machine'),(1025,'MRI Scanner'),(1026,'Ultrasound Machine'),(1027,'Infusion Pump'),(1028,'Anesthesia Machine'),(1029,'ECG Machine'),(1030,'Oxygen Concentrator');
/*!40000 ALTER TABLE `hospital_equipments` ENABLE KEYS */;
UNLOCK TABLES;

--
-- Table structure for table `medical_history`
--

DROP TABLE IF EXISTS `medical_history`;
/*!40101 SET @saved_cs_client     = @@character_set_client */;
/*!50503 SET character_set_client = utf8mb4 */;
CREATE TABLE `medical_history` (
  `caseID` int NOT NULL,
  `patient_ID` int DEFAULT NULL,
  `diagnosis` varchar(45) DEFAULT NULL,
  `medication` varchar(45) DEFAULT NULL,
  `height` int DEFAULT NULL,
  `weight` int DEFAULT NULL,
  PRIMARY KEY (`caseID`),
  KEY `patientFK_idx` (`patient_ID`),
  CONSTRAINT `patientFK` FOREIGN KEY (`patient_ID`) REFERENCES `patients` (`patient_id`)
) ENGINE=InnoDB DEFAULT CHARSET=utf8mb3 COMMENT='	';
/*!40101 SET character_set_client = @saved_cs_client */;

--
-- Dumping data for table `medical_history`
--

LOCK TABLES `medical_history` WRITE;
/*!40000 ALTER TABLE `medical_history` DISABLE KEYS */;
INSERT INTO `medical_history` VALUES (606001,505001,'Type 2 Diabetes','Metformin 500mg',170,75),(606002,505001,'Hypertension','Lisinopril 10mg',170,73),(606003,505002,'Seasonal Allergies','Cetirizine 10mg',165,68),(606004,505003,'Migraine','Sumatriptan 50mg',162,58),(606005,505003,'Anxiety Disorder','Sertraline 50mg',162,59),(606006,505004,'Asthma','Albuterol Inhaler',175,82),(606007,505005,'GERD','Omeprazole 20mg',168,70),(606008,505005,'Insomnia','Zolpidem 5mg',168,71),(606009,505006,'Osteoarthritis','Ibuprofen 400mg',171,78),(606010,505007,'Depression','Fluoxetine 20mg',169,65),(606011,505008,'High Cholesterol','Atorvastatin 40mg',173,80),(606012,505008,'Sleep Apnea','CPAP Therapy',173,83),(606013,505009,'Hypothyroidism','Levothyroxine 100mcg',160,62),(606014,505010,'Chronic Bronchitis','Prednisone 5mg',178,88),(606015,505010,'Vitamin D Deficiency','Vitamin D3 2000IU',178,87),(606016,505011,'Iron Deficiency Anemia','Ferrous Sulfate 325mg',166,59),(606017,505012,'Rheumatoid Arthritis','Methotrexate 10mg',172,76),(606018,505013,'Psoriasis','Topical Corticosteroids',170,72),(606019,505014,'Chronic Sinusitis','Fluticasone Nasal Spray',167,64),(606020,505015,'Fibromyalgia','Duloxetine 30mg',164,61),(606021,505016,'Vertigo','Meclizine 25mg',169,70),(606022,505017,'Atrial Fibrillation','Warfarin 5mg',176,85),(606023,505017,'Chronic Kidney Disease','Calcium Acetate',176,83),(606024,505018,'Glaucoma','Latanoprost Eye Drops',168,67),(606025,505019,'Osteoporosis','Alendronate 70mg',163,58),(606026,505020,'Chronic Back Pain','Tramadol 50mg',177,86),(606027,505021,'Eczema','Hydrocortisone Cream 1%',171,73),(606028,505022,'Hyperthyroidism','Methimazole 10mg',165,60),(606029,505023,'Celiac Disease','Vitamin B12 Supplements',174,77),(606030,505024,'Bipolar Disorder','Lithium 300mg',170,69),(606031,505025,'Chronic Fatigue Syndrome','Amitriptyline 25mg',169,66),(606032,505026,'Endometriosis','Oral Contraceptives',162,55),(606033,505027,'Gout','Allopurinol 100mg',180,90),(606034,505028,'Parkinsons Disease','Levodopa 100mg',172,68),(606035,505029,'Multiple Sclerosis','Interferon Beta-1a',168,63),(606036,505030,'Ulcerative Colitis','Mesalamine 1.2g',175,78),(606037,505031,'Chronic Hepatitis B','Entecavir 0.5mg',173,75),(606038,505032,'Schizophrenia','Risperidone 2mg',171,70),(606039,505033,'Addisons Disease','Hydrocortisone 20mg',166,61),(606040,505034,'Lupus','Hydroxychloroquine 200mg',169,64),(606041,505035,'Sleep Disorder','Melatonin 5mg',174,79),(606042,505036,'Coronary Artery Disease','Aspirin 81mg',178,87),(606043,505037,'Chronic Lymphocytic Leukemia','Ibrutinib 420mg',170,68),(606044,505038,'Irritable Bowel Syndrome','Dicyclomine 10mg',167,62),(606045,505039,'Benign Prostatic Hyperplasia','Tamsulosin 0.4mg',176,82),(606046,505040,'Raynauds Disease','Nifedipine 30mg',165,59),(606047,505041,'Chronic Obstructive Pulmonary Disease','Tiotropium Inhaler',172,74),(606048,505042,'Graves Disease','Propylthiouracil 50mg',168,65),(606049,505043,'Peripheral Neuropathy','Gabapentin 300mg',175,80);
/*!40000 ALTER TABLE `medical_history` ENABLE KEYS */;
UNLOCK TABLES;

--
-- Table structure for table `patients`
--

DROP TABLE IF EXISTS `patients`;
/*!40101 SET @saved_cs_client     = @@character_set_client */;
/*!50503 SET character_set_client = utf8mb4 */;
CREATE TABLE `patients` (
  `patient_id` int NOT NULL,
  `first_name` varchar(45) DEFAULT NULL,
  `last_name` varchar(45) DEFAULT NULL,
  `date_of_birth` date DEFAULT NULL,
  `age` int DEFAULT NULL,
  `gender` varchar(45) DEFAULT NULL,
  `contact_no` varchar(11) DEFAULT NULL,
  PRIMARY KEY (`patient_id`)
) ENGINE=InnoDB DEFAULT CHARSET=utf8mb3;
/*!40101 SET character_set_client = @saved_cs_client */;

--
-- Dumping data for table `patients`
--

LOCK TABLES `patients` WRITE;
/*!40000 ALTER TABLE `patients` DISABLE KEYS */;
INSERT INTO `patients` VALUES (505001,'James','Smith','1989-04-15',35,'M','09171234567'),(505002,'Mary','Johnson','1982-09-23',42,'F','09181234567'),(505003,'Robert','Williams','1995-06-12',29,'M','09191234567'),(505004,'Patricia','Brown','1993-11-05',31,'F','09201234567'),(505005,'John','Jones','1997-01-19',27,'M','09211234567'),(505006,'Jennifer','Garcia','1984-08-22',40,'F','09221234567'),(505007,'Michael','Miller','1990-05-09',33,'M','09231234567'),(505008,'Linda','Davis','1979-10-28',45,'F','09241234567'),(505009,'William','Rodriguez','1986-02-17',38,'M','09251234567'),(505010,'Elizabeth','Martinez','1994-07-04',30,'F','09261234567'),(505011,'David','Hernandez','1998-12-11',26,'M','09271234567'),(505012,'Barbara','Lopez','1974-03-07',50,'F','09281234567'),(505013,'Richard','Gonzalez','1987-06-30',37,'M','09291234567'),(505014,'Susan','Wilson','1990-09-13',34,'F','09301234567'),(505015,'Joseph','Anderson','1983-04-21',41,'M','09311234567'),(505016,'Jessica','Thomas','1999-10-16',25,'F','09321234567'),(505017,'Charles','Taylor','1980-02-08',44,'M','09331234567'),(505018,'Sarah','Moore','1996-05-25',28,'F','09341234567'),(505019,'Christopher','Jackson','1985-01-11',39,'M','09351234567'),(505020,'Karen','Martin','1992-07-19',32,'F','09361234567'),(505021,'Daniel','Lee','1978-03-29',46,'M','09371234567'),(505022,'Nancy','Perez','1994-08-06',30,'F','09381234567'),(505023,'Matthew','Thompson','1995-12-24',29,'M','09391234567'),(505024,'Lisa','White','1989-04-03',35,'F','09401234567'),(505025,'Anthony','Harris','1976-10-15',48,'M','09411234567'),(505026,'Margaret','Sanchez','1981-07-30',43,'F','09421234567'),(505027,'Mark','Clark','1988-06-09',36,'M','09431234567'),(505028,'Sandra','Ramirez','1997-05-18',27,'F','09441234567'),(505029,'Paul','Lewis','1990-11-02',34,'M','09451234567'),(505030,'Ashley','Robinson','1998-09-24',26,'F','09461234567'),(505031,'Steven','Walker','1984-02-16',40,'M','09471234567'),(505032,'Kimberly','Young','1991-03-08',33,'F','09481234567'),(505033,'Andrew','Allen','1979-12-19',45,'M','09491234567'),(505034,'Emily','King','2001-10-21',23,'F','09501234567'),(505035,'Joshua','Wright','1993-06-27',31,'M','09511234567'),(505036,'Michelle','Scott','1996-04-14',28,'F','09521234567'),(505037,'Ryan','Torres','1986-09-10',38,'M','09531234567'),(505038,'Laura','Nguyen','1987-02-23',37,'F','09541234567'),(505039,'Justin','Hill','2000-08-11',24,'M','09551234567'),(505040,'Betty','Flores','1985-05-06',39,'F','09561234567'),(505041,'Brandon','Green','1997-11-12',27,'M','09571234567'),(505042,'Dorothy','Adams','1974-03-21',50,'F','09581234567'),(505043,'Kyle','Nelson','1995-07-17',29,'M','09591234567'),(505044,'Evelyn','Carter','1993-01-14',31,'F','09601234567'),(505045,'Henry','Mitchell','1996-09-28',28,'M','09611234567'),(505046,'Anna','Perez','1992-11-25',32,'F','09621234567'),(505047,'Jacob','Roberts','1977-08-31',47,'M','09631234567'),(505048,'Chloe','Turner','1991-05-04',33,'F','09641234567'),(505049,'Kevin','Phillips','1990-06-16',34,'M','09651234567'),(505050,'Sophia','Campbell','2003-12-25',21,'F','09661234567'),(505051,'Olivia','Evans','2002-03-14',22,'F','09671234567'),(505052,'Ethan','Collins','1994-07-08',30,'M','09681234567'),(505053,'Isabella','Stewart','1998-01-22',26,'F','09691234567'),(505054,'Nathan','Sanders','1979-05-18',45,'M','09701234567'),(505055,'Sophia','Taylor','1990-08-31',34,'F','09711234567'),(505056,'Alexander','Bell','1983-02-06',41,'M','09721234567'),(505057,'Mia','Kelly','1997-06-15',27,'F','09731234567'),(505058,'Benjamin','Price','1986-12-24',38,'M','09741234567'),(505059,'Emma','Morgan','1995-09-07',29,'F','09751234567'),(505060,'Logan','Ward','1992-04-13',32,'M','09761234567'),(505061,'Ella','Peterson','1999-01-19',25,'F','09771234567'),(505062,'Samuel','Reed','1980-11-09',44,'M','09781234567'),(505063,'Lily','Cruz','1988-07-02',36,'F','09791234567'),(505064,'Gabriel','Gomez','1984-03-18',40,'M','09801234567'),(505065,'Ava','Gray','1991-08-26',33,'F','09811234567'),(505066,'Noah','Perry','1987-10-10',37,'M','09821234567'),(505067,'Chloe','Long','1996-05-03',28,'F','09831234567'),(505068,'Lucas','Brooks','2000-12-11',24,'M','09841234567'),(505069,'Victoria','Foster','1993-09-29',31,'F','09851234567'),(505070,'Mason','Bailey','1998-06-22',26,'M','09861234567'),(505071,'Amelia','Hughes','1989-02-14',35,'F','09871234567'),(505072,'Oliver','Rivera','1982-12-04',42,'M','09881234567'),(505073,'Grace','Butler','1985-10-08',39,'F','09891234567'),(505074,'Liam','Barnes','1996-07-21',28,'M','09901234567'),(505075,'Abigail','Ross','1991-04-16',33,'F','09911234567'),(505076,'Elijah','Henderson','1981-01-11',43,'M','09921234567'),(505077,'Zoe','Coleman','1995-05-30',29,'F','09931234567'),(505078,'Daniel','Jenkins','1999-03-06',25,'M','09941234567'),(505079,'Leah','Parker','1987-11-19',37,'F','09951234567'),(505080,'James','Cooper','1985-06-27',39,'M','09961234567'),(505081,'Natalie','Simmons','2001-09-12',23,'F','09971234567'),(505082,'Henry','Edwards','1992-01-28',32,'M','09981234567'),(505083,'Samantha','Stevens','1997-04-05',27,'F','09991234567'),(505084,'Jack','Howard','1984-11-02',40,'M','09101234567'),(505085,'Audrey','Wells','1993-02-22',31,'F','09111234567'),(505086,'Caleb','Fisher','1979-10-14',45,'M','09121234567'),(505087,'Scarlett','Bryant','1996-08-30',28,'F','09131234567'),(505088,'Isaac','Griffin','1995-12-08',29,'M','09141234567'),(505089,'Hannah','Wood','1990-06-18',34,'F','09151234567'),(505090,'Owen','Stone','1983-09-03',41,'M','09161234567'),(505091,'Charlotte','Warren','1998-07-07',26,'F','09171234567'),(505092,'Sebastian','Hart','1991-11-15',33,'M','09181234567'),(505093,'Lucy','Fox','1994-03-20',30,'F','09191234567'),(505094,'Julian','Owens','1986-05-23',38,'M','09201234567'),(505095,'Eleanor','Hunt','1980-10-05',44,'F','09211234567'),(505096,'Aiden','Cole','1999-02-09',25,'M','09221234567'),(505097,'Victoria','Jenkins','1988-12-13',36,'F','09231234567'),(505098,'Evan','Murray','1982-08-26',42,'M','09241234567'),(505099,'Lila','Freeman','2000-09-14',24,'F','09251234567'),(505100,'Carter','Hamilton','1996-04-02',28,'M','09261234567');
/*!40000 ALTER TABLE `patients` ENABLE KEYS */;
UNLOCK TABLES;

--
-- Table structure for table `rooms`
--

DROP TABLE IF EXISTS `rooms`;
/*!40101 SET @saved_cs_client     = @@character_set_client */;
/*!50503 SET character_set_client = utf8mb4 */;
CREATE TABLE `rooms` (
  `room_id` int NOT NULL,
  `room_type` varchar(45) DEFAULT NULL,
  PRIMARY KEY (`room_id`)
) ENGINE=InnoDB DEFAULT CHARSET=utf8mb3;
/*!40101 SET character_set_client = @saved_cs_client */;

--
-- Dumping data for table `rooms`
--

LOCK TABLES `rooms` WRITE;
/*!40000 ALTER TABLE `rooms` DISABLE KEYS */;
INSERT INTO `rooms` VALUES (909001,'ICU'),(909002,'General Ward'),(909003,'Surgery Room'),(909004,'Private Room'),(909005,'Emergency Room'),(909006,'Consultation Room'),(909007,'Maternity Ward'),(909008,'Radiology Room'),(909009,'Pediatrics Ward'),(909010,'Lab Room'),(909011,'ICU'),(909012,'General Ward'),(909013,'Surgery Room'),(909014,'Private Room'),(909015,'Emergency Room'),(909016,'Consultation Room'),(909017,'Maternity Ward'),(909018,'Radiology Room'),(909019,'Pediatrics Ward'),(909020,'Lab Room'),(909021,'ICU'),(909022,'General Ward'),(909023,'Surgery Room'),(909024,'Private Room'),(909025,'Emergency Room'),(909026,'Consultation Room'),(909027,'Maternity Ward'),(909028,'Radiology Room'),(909029,'Pediatrics Ward'),(909030,'Lab Room');
/*!40000 ALTER TABLE `rooms` ENABLE KEYS */;
UNLOCK TABLES;

--
-- Table structure for table `staff`
--

DROP TABLE IF EXISTS `staff`;
/*!40101 SET @saved_cs_client     = @@character_set_client */;
/*!50503 SET character_set_client = utf8mb4 */;
CREATE TABLE `staff` (
  `staff_id` int NOT NULL,
  `last_name` varchar(45) DEFAULT NULL,
  `first_name` varchar(45) DEFAULT NULL,
  `department_id` int DEFAULT NULL,
  `start_time` time DEFAULT NULL,
  `end_time` time DEFAULT NULL,
  `contact_no` varchar(11) DEFAULT NULL,
  PRIMARY KEY (`staff_id`),
  KEY `department_id_fk_idx` (`department_id`),
  CONSTRAINT `department_id_fk` FOREIGN KEY (`department_id`) REFERENCES `departments` (`department_id`)
) ENGINE=InnoDB DEFAULT CHARSET=utf8mb3;
/*!40101 SET character_set_client = @saved_cs_client */;

--
-- Dumping data for table `staff`
--

LOCK TABLES `staff` WRITE;
/*!40000 ALTER TABLE `staff` DISABLE KEYS */;
INSERT INTO `staff` VALUES (202001,'Smith','John',101001,'08:00:00','16:00:00','09171234567'),(202002,'Johnson','Emily',101001,'16:00:00','00:00:00','09181234567'),(202003,'Williams','David',101001,'00:00:00','08:00:00','09191234567'),(202004,'Brown','Sophia',101002,'08:00:00','16:00:00','09201234567'),(202005,'Jones','Michael',101002,'16:00:00','00:00:00','09211234567'),(202006,'Garcia','Ava',101002,'00:00:00','08:00:00','09221234567'),(202007,'Martinez','Isabella',101003,'08:00:00','16:00:00','09231234567'),(202008,'Hernandez','Mia',101003,'16:00:00','00:00:00','09241234567'),(202009,'Lopez','Benjamin',101003,'00:00:00','08:00:00','09251234567'),(202010,'Gonzalez','Lucas',101004,'08:00:00','16:00:00','09261234567'),(202011,'Wilson','Amelia',101004,'16:00:00','00:00:00','09271234567'),(202012,'Anderson','Ethan',101004,'00:00:00','08:00:00','09281234567'),(202013,'Thomas','Charlotte',101005,'08:00:00','16:00:00','09291234567'),(202014,'Taylor','James',101005,'16:00:00','00:00:00','09301234567'),(202015,'Moore','Elijah',101005,'00:00:00','08:00:00','09311234567'),(202016,'Jackson','Harper',101006,'08:00:00','16:00:00','09321234567'),(202017,'Martin','Aiden',101006,'16:00:00','00:00:00','09331234567'),(202018,'Lee','Liam',101006,'00:00:00','08:00:00','09341234567'),(202019,'Perez','Evelyn',101007,'08:00:00','16:00:00','09351234567'),(202020,'White','Jack',101007,'16:00:00','00:00:00','09361234567'),(202021,'Harris','Scarlett',101007,'00:00:00','08:00:00','09371234567'),(202022,'Sanchez','Oliver',101008,'08:00:00','16:00:00','09381234567'),(202023,'Clark','Luna',101008,'16:00:00','00:00:00','09391234567'),(202024,'Ramirez','Zoe',101008,'00:00:00','08:00:00','09401234567'),(202025,'Lewis','Mason',101009,'08:00:00','16:00:00','09411234567'),(202026,'Robinson','Ella',101009,'16:00:00','00:00:00','09421234567'),(202027,'Walker','Alexander',101009,'00:00:00','08:00:00','09431234567'),(202028,'Hall','Aria',101010,'08:00:00','16:00:00','09441234567'),(202029,'Young','Henry',101010,'16:00:00','00:00:00','09451234567'),(202030,'Allen','Grace',101010,'00:00:00','08:00:00','09461234567'),(202031,'King','Madison',101011,'08:00:00','16:00:00','09471234567'),(202032,'Wright','Christopher',101011,'16:00:00','00:00:00','09481234567'),(202033,'Scott','Victoria',101011,'00:00:00','08:00:00','09491234567'),(202034,'Green','Andrew',101012,'08:00:00','16:00:00','09501234567'),(202035,'Adams','Grace',101012,'16:00:00','00:00:00','09511234567'),(202036,'Baker','Anna',101012,'00:00:00','08:00:00','09521234567'),(202037,'Nelson','Ryan',101013,'08:00:00','16:00:00','09531234567'),(202038,'Carter','Leah',101013,'16:00:00','00:00:00','09541234567'),(202039,'Mitchell','Matthew',101013,'00:00:00','08:00:00','09551234567'),(202040,'Perez','Ella',101014,'08:00:00','16:00:00','09561234567'),(202041,'Roberts','Luke',101014,'16:00:00','00:00:00','09571234567'),(202042,'Turner','Natalie',101014,'00:00:00','08:00:00','09581234567'),(202043,'Phillips','Carter',101015,'08:00:00','16:00:00','09591234567'),(202044,'Campbell','Samantha',101015,'16:00:00','00:00:00','09601234567'),(202045,'Parker','Zachary',101015,'00:00:00','08:00:00','09611234567'),(202046,'Evans','Olivia',101016,'08:00:00','16:00:00','09621234567'),(202047,'Edwards','Jacob',101016,'16:00:00','00:00:00','09631234567'),(202048,'Collins','Abigail',101016,'00:00:00','08:00:00','09641234567'),(202049,'Stewart','Julian',101017,'08:00:00','16:00:00','09651234567'),(202050,'Sanchez','Sophia',101017,'16:00:00','00:00:00','09661234567'),(202051,'Morris','Isaac',101017,'00:00:00','08:00:00','09671234567'),(202052,'Rogers','Penelope',101018,'08:00:00','16:00:00','09681234567'),(202053,'Reed','Adrian',101018,'16:00:00','00:00:00','09691234567'),(202054,'Cook','Lucy',101018,'00:00:00','08:00:00','09701234567'),(202055,'Morgan','Eleanor',101019,'08:00:00','16:00:00','09711234567'),(202056,'Bell','Sebastian',101019,'16:00:00','00:00:00','09721234567'),(202057,'Murphy','Chloe',101019,'00:00:00','08:00:00','09731234567'),(202058,'Bailey','Gabriel',101020,'08:00:00','16:00:00','09741234567'),(202059,'Rivera','Aria',101020,'16:00:00','00:00:00','09751234567'),(202060,'Cooper','Hudson',101020,'00:00:00','08:00:00','09761234567');
/*!40000 ALTER TABLE `staff` ENABLE KEYS */;
UNLOCK TABLES;
/*!40103 SET TIME_ZONE=@OLD_TIME_ZONE */;

/*!40101 SET SQL_MODE=@OLD_SQL_MODE */;
/*!40014 SET FOREIGN_KEY_CHECKS=@OLD_FOREIGN_KEY_CHECKS */;
/*!40014 SET UNIQUE_CHECKS=@OLD_UNIQUE_CHECKS */;
/*!40101 SET CHARACTER_SET_CLIENT=@OLD_CHARACTER_SET_CLIENT */;
/*!40101 SET CHARACTER_SET_RESULTS=@OLD_CHARACTER_SET_RESULTS */;
/*!40101 SET COLLATION_CONNECTION=@OLD_COLLATION_CONNECTION */;
/*!40111 SET SQL_NOTES=@OLD_SQL_NOTES */;

-- Dump completed on 2024-11-24 18:19:48
